unitid,admission_rate,sat_read_25,sat_read_75,sat_math_25,sat_math_75,sat_read_mid,sat_math_mid,act_25,act_75,act_mid
100654,0.6622,420,540,390,520,,,14,19,
100663,0.8842,570,700,560,700,,,22,30,
100706,0.7425,595,700,600,740,,,25,31,
100724,0.9564,444,538,421,531,,,16,20,
100751,0.7582,590,700,580,700,,,24,31,
100830,0.9263,500,595,500,615,,,18,24,
100858,0.5047,630,690,610,690,,,25,31,
100937,0.5194,580,670,570,670,,,21,27,
101189,0.6613,463,585,423,550,,,17,23,
101365,0.9449,,,,,,,,,
101435,0.7083,498,613,513,598,,,20,25,
101453,1,,,,,,,,,
101480,0.7622,490,620,480,640,,,17,24,
101587,0.8711,470,550,350,428,,,17,22,
101648,0.5917,500,630,510,610,,,17,23,
101693,0.7251,,,,,,,21,27,
101709,0.539,,,,,,,,,
101879,0.9648,,,,,,,,,
101912,0.5051,,,,,,,,,
102049,0.8223,550,650,520,610,,,23,29,
102094,0.6549,520,610,495,590,,,19,26,
102234,0.591,,,,,,,19,24,
102270,0.7422,,,,,,,,,
102298,0.9925,,,,,,,,,
102368,0.9261,490,590,460,570,,,18,25,
102377,0.3143,495,645,500,610,,,18,26,
102395,0.3529,,,,,,,,,
102553,0.6652,,,,,,,,,
102632,0.625,,,,,,,,,
102669,0.8621,,,,,,,,,
104151,0.9019,,,,,,,,,
104179,0.8566,580,700,580,720,,,21,30,
104586,0.7519,580,680,580,680,,,24,29,
104717,0.6036,540,620,518,555,,,19,24,
105330,0.9095,,,,,,,,,
105589,0.9857,,,,,,,,,
105899,0.7442,,,,,,,,,
106245,0.5774,450,570,440,600,,,18,23,
106342,0.6554,,,,,,,,,
106397,0.7167,530,620,520,600,,,21,28,
106412,0.5754,430,528,450,520,,,14,18,
106458,0.6967,510,590,520,590,,,19,25,
106467,0.9629,480,580,460,570,,,17,24,
106546,1,,,,,,,17,23,
106704,0.9047,490,570,450,550,,,19,25,
106713,0.4636,435,570,490,575,,,17,22,
107044,1,530,650,520,630,,,21,28,
107071,0.8192,,,,,,,,,
107080,0.5298,605,695,580,690,,,26,31,
107141,0.6764,590,675,540,670,,,21,30,
107512,0.6852,530,660,530,630,,,21,28,
107558,0.5814,510,580,508,583,,,18,23,
107585,1,,,,,,,17,22,
107877,0.5888,460,540,460,518,,,16,22,
107983,0.6659,460,590,460,590,,,17,23,
108092,0.8147,,,,,,,18,23,
108852,0.8968,,,,,,,,,
108861,0.6296,,,,,,,,,
109651,0.7498,,,,,,,,,
109785,0.7948,512,657,482,657,,,18,26,
110097,0.6008,580,690,550,670,,,24,30,
110361,0.7357,,,,,,,,,
110370,0.734,,,,,,,,,
110404,0.0314,,,,,,,,,
110413,0.8888,577,660,557,660,,,23,29,
110422,0.2975,,,,,,,,,
110468,0,,,,,,,,,
110486,0.8819,,,,,,,,,
110495,0.9747,,,,,,,,,
110510,0.9825,,,,,,,,,
110529,0.737,,,,,,,,,
110538,0.9372,,,,,,,,,
110547,0.9132,,,,,,,,,
110556,0.9638,,,,,,,,,
110565,0.8674,,,,,,,,,
110574,0.9681,,,,,,,,,
110583,0.4712,,,,,,,,,
110592,0.9193,,,,,,,,,
110608,0.9315,,,,,,,,,
110617,0.9362,,,,,,,,,
110635,0.1166,,,,,,,,,
110644,0.4163,,,,,,,,,
110653,0.2557,,,,,,,,,
110662,0.0873,,,,,,,,,
110671,0.633,,,,,,,,,
110680,0.2452,,,,,,,,,
110705,0.2778,,,,,,,,,
110714,0.6254,,,,,,,,,
111081,0.2595,,,,,,,,,
111188,0.9873,,,,,,,,,
111638,0.3641,,,,,,,,,
111948,0.5561,630,710,620,720,,,28,32,
111966,0.3878,,,,,,,,,
112075,0.5986,,,,,,,,,
112084,0.6281,,,,,,,,,
112260,0.1112,710,770,740,790,,,33,35,
112394,0.5131,,,,,,,,,
113582,0.875,,,,,,,,,
113698,0.9562,525,673,545,618,,,22,30,
114354,0.415,,,,,,,,,
114813,0.5752,,,,,,,,,
115409,0.1306,720,770,760,790,,,34,36,
115755,0.9883,,,,,,,,,
117104,0.9395,,,,,,,,,
117140,0.4848,510,650,460,653,,,18,25,
117168,0.7761,,,,,,,,,
117283,0.6818,,,,,,,,,
117627,0.933,,,,,,,,,
117751,0.7589,,,,,,,,,
117946,0.4029,,,,,,,,,
118198,0.8193,,,,,,,,,
118693,0.6781,,,,,,,,,
118888,0.1654,670,740,720,780,,,31,33,
119173,0.6872,,,,,,,,,
119270,0.7129,,,,,,,,,
119775,1,,,,,,,,,
120166,0.6939,,,,,,,,,
120254,0.3989,690,750,670,750,,,31,34,
120403,0.8398,,,,,,,,,
120537,0.3539,,,,,,,,,
120661,0.9395,,,,,,,,,
120768,0.1,,,,,,,,,
120865,0.4248,490,605,440,585,,,20,24,
120883,0.9486,580,690,580,730,,,23,31,
121150,0.4985,630,710,620,740,,,26,32,
121257,0.1666,,,,,,,,,
121309,0.8176,590,710,550,700,,,22,30,
121345,0.0676,730,770,750,790,,,33,35,
121691,0.8092,548,670,530,653,,,25,30,
122409,0.3444,,,,,,,,,
122436,0.4675,,,,,,,,,
122506,0.5194,,,,,,,,,
122597,0.9615,,,,,,,,,
122612,0.5077,610,690,600,700,,,26,31,
122728,0.7682,,,,,,,,,
122755,0.8023,,,,,,,,,
122931,0.4384,660,730,680,770,,,30,33,
123165,0.3394,720,760,700,770,,,32,34,
123280,1,,,,,,,,,
123457,0.9903,,,,,,,,,
123554,0.8858,,,,,,,,,
123572,0.9473,,,,,,,,,
123651,0.647,,,,,,,,,
123679,0.9593,,,,,,,,,
123952,0.8267,,,,,,,,,
123961,0.1002,700,760,740,790,,,32,35,
124292,0.7871,590,690,570,640,,,25,33,
124706,0.981,,,,,,,,,
124937,0.9902,,,,,,,,,
125727,0.7986,622,720,590,698,,,30,34,
125763,0.8538,,,,,,,,,
125897,0.7287,,,,,,,,,
126076,0.6168,,,,,,,,,
126359,0.5942,,,,,,,,,
126562,0.7781,500,620,480,600,,,21,27,
126580,0.9657,520,630,500,610,,,21,28,
126614,0.8328,620,700,610,720,,,28,33,
126678,0.2003,690,760,675,760,,,31,34,
126687,1,,,,,,,,,
126775,0.5971,650,720,670,750,,,29,33,
126784,0.7692,,,,,,,,,
126818,0.8959,,,,,,,,,
127060,0.7119,630,710,610,700,,,29,32,
127185,0.932,500,630,480,590,,,16,24,
127556,0.8139,470,600,460,580,,,19,26,
127565,0.9914,450,570,430,540,,,17,23,
127653,0.94,,,,,,,,,
127741,0.8643,490,600,480,580,,,17,26,
127918,0.8727,,,,,,,,,
127954,0.8,,,,,,,,,
128106,0.9984,450,560,420,540,,,19,25,
128328,0.1393,620,710,630,740,,,26,33,
128391,0.9747,500,630,500,610,,,21,28,
128498,0.6437,,,,,,,,,
128586,0.7879,,,,,,,,,
128744,0.6431,470,585,410,530,,,,,
128771,0.7553,480,600,480,580,,,19,29,
128902,0.3828,680,740,660,730,,,31,33,
129020,0.5395,610,700,600,720,,,29,33,
129215,0.8055,570,670,540,650,,,,,
129242,0.4498,620,690,620,690,,,29,32,
129525,0.8301,560,650,540,630,,,25,32,
129774,0.7336,,,,,,,,,
129941,0.8055,560,640,530,620,,,,,
130110,0.6154,,,,,,,,,
130226,0.77,560,650,540,650,,,25,29,
130253,0.6768,,,,,,,,,
130314,0.7964,460,630,500,620,,,,,
130493,0.8112,,,,,,,,,
130590,0.3352,660,730,650,730,,,30,33,
130624,0.2432,610,690,600,690,,,25,30,
130697,0.171,720,770,730,770,,,33,35,
130776,0.8136,440,600,400,550,,,20,27,
130794,0.045,740,780,760,800,,,33,35,
130934,0.6167,440,550,420,520,,,22,26,
130943,0.6511,610,680,590,680,,,27,31,
130989,0.7653,,,,,,,,,
131159,0.4738,670,740,630,710,,,29,33,
131283,0.8384,,,,,,,,,
131450,0.6094,370,463,380,470,,,14,18,
131469,0.4354,680,750,670,750,,,31,34,
131496,0.1308,700,770,690,780,,,32,34,
131520,0.3489,560,660,540,638,,,22,28,
131876,0.9919,,,,,,,,,
132408,0.641,500,650,430,550,,,17,23,
132471,0.5907,,,,,,,,,
132602,0.9985,430,520,400,480,,,15,18,
132657,0.7395,520,620,510,580,,,22,27,
132842,1,,,,,,,,,
132879,0.2332,410,500,430,520,,,,,
132903,0.3952,610,680,580,670,,,25,29,
133492,0.7869,600,678,550,658,,,24,29,
133526,0.8481,,,,,,,,,
133553,0.6628,570,670,570,680,,,24,30,
133650,0.2112,530,590,500,560,,,20,24,
133669,0.7344,530,620,510,590,,,20,26,
133711,0.7809,520,620,470,580,,,19,24,
133809,0.6645,480,640,470,610,,,17,20,
133845,0.9647,,,,,,,,,
133854,0.9906,,,,,,,,,
133863,0.9854,,,,,,,,,
133881,0.6253,570,660,560,660,,,23,28,
133951,0.5884,550,640,510,610,,,20,26,
133979,0.7431,,,,,,,,,
134079,0.5907,590,660,580,650,,,25,30,
134097,0.2538,630,700,610,690,,,27,31,
134130,0.2403,650,730,650,750,,,28,33,
134945,0.5729,570,640,540,620,,,24,28,
135081,0.9742,,,,,,,,,
135364,0.3429,,,,,,,,,
135726,0.1851,660,720,670,750,,,30,33,
136172,0.6227,510,620,480,590,,,20,26,
136215,0.7267,540,660,510,650,,,21,28,
136330,0.8832,500,620,470,590,,,19,26,
136774,0.6737,,,,,,,,,
136950,0.4056,620,690,590,670,,,26,31,
137032,0.721,,,,,,,,,
137272,1,,,,,,,,,
137351,0.4096,580,670,560,660,,,24,29,
137476,0.994,,,,,,,,,
137546,0.8643,560,660,530,630,,,23,29,
137564,0.7429,,,,,,,,,
137847,0.4093,,,,,,,,,
137953,0.625,450,535,430,520,,,17,23,
137962,0.963,430,500,380,480,,,15,22,
138275,0.4779,440,550,400,520,,,14,20,
138293,0.7756,,,,,,,,,
138354,0.5687,520,630,500,600,,,20,27,
138558,0.7716,470,570,430,540,,,16,21,
138600,0.6731,610,710,570,640,,,26,31,
138761,0.5115,,,,,,,,,
138868,0.6751,490,650,482,587,,,15,23,
138947,0.6463,,,,,,,,,
139144,0.6185,570,658,530,620,,,23,29,
139199,0.8696,510,590,480,580,,,17,23,
139205,0.8635,,,,,,,,,
139250,0.9851,470,602,430,563,,,14,22,
139311,0.7059,450,550,418,520,,,16,20,
139366,0.9924,460,570,400,530,,,17,24,
139393,0.8176,590,710,540,680,,,23,30,
139630,0.5336,,,,,,,,,
139658,0.111,710,760,750,790,,,32,34,
139719,0.628,400,480,395,440,,,16,19,
139755,0.1646,650,740,680,790,,,28,34,
139764,0.7716,470,590,430,540,,,16,21,
139861,0.8777,540,640,520,600,,,21,26,
139931,0.8963,500,590,480,570,,,18,23,
139940,0.6228,530,640,510,640,,,19,26,
139959,0.372,590,690,570,700,,,25,32,
139968,0.8678,,,,,,,15,21,
140234,0.6321,,,,,,,,,
140252,0.9381,440,570,460,550,,,15,19,
140340,0.9412,,,,,,,,,
140447,0.6646,600,680,580,670,,,25,31,
140553,0.5139,,,,,,,19,23,
140696,0.6006,573,670,533,650,,,23,30,
140720,0.8336,,,,,,,,,
140818,0.9284,510,600,480,570,,,18,24,
140872,0.5516,,,,,,,,,
140951,0.8368,550,670,500,610,,,21,28,
140988,0.9693,450,580,450,550,,,17,23,
141060,0.3409,550,660,510,610,,,21,27,
141167,0.4316,490,540,480,570,,,18,23,
141185,0.6381,540,650,520,600,,,21,25,
141237,0.9068,,,,,,,,,
141264,0.8349,490,580,460,550,,,17,23,
141325,0.6207,433,465,443,478,,,,,
141334,0.4937,480,580,450,550,,,17,23,
141361,0.6402,,,,,,,,,
141486,0.9263,565,665,520,655,,,,,
141565,0.8977,478,570,420,540,,,15,22,
141574,0.6969,540,640,480,600,,,20,27,
141644,0.8448,548,650,520,630,,,21,29,
141981,0.956,540,610,490,600,,,15,21,
142090,0.9643,470,620,450,580,,,,,
142115,0.8396,,,,,,,,,
142285,0.7909,490,610,460,590,,,20,29,
142294,0.4722,540,640,540,630,,,20,28,
142328,0.8978,,,,,,,,,
142461,0.6295,470,620,470,590,,,25,31,
142522,0.9695,500,610,480,590,,,20,26,
142957,1,,,,,,,,,
143048,0.7642,,,,,,,,,
143084,0.6765,500,620,510,630,,,21,28,
143118,0.8514,470,583,460,550,,,20,26,
143288,0.8014,,,,,,,,,
143358,0.7666,550,650,540,650,,,25,31,
143978,0.3333,,,,,,,,,
144005,0.4052,,,,,,,,,
144050,0.0479,740,770,770,800,,,34,35,
144281,0.9117,,,,,,,,,
144351,0.9336,,,,,,,,,
144740,0.7353,570,680,560,660,,,26,31,
144892,0.6775,460,570,430,540,,,,,
144962,0.7574,480,610,480,600,,,23,28,
144971,0.8847,,,,,,,,,
145239,0.7656,,,,,,,,,
145354,1,,,,,,,,,
145372,0.9537,430,608,381,611,,,14,24,
145497,0.92,,,,,,,,,
145600,0.785,560,660,560,680,,,25,32,
145619,0.7722,,,,,,,,,
145637,0.4369,630,730,640,780,,,29,34,
145646,0.4517,570,660,570,670,,,24,29,
145691,0.7467,490,583,488,600,,,19,25,
145725,0.5542,570,690,610,720,,,25,31,
145813,0.8901,510,620,500,610,,,22,27,
146339,0.6312,435,540,425,540,,,16,23,
146427,0.7113,530,680,590,705,,,21,30,
146481,0.5941,590,685,580,680,,,28,31,
146612,0.7273,490,610,500,610,,,22,26,
146719,0.8139,590,680,570,660,,,27,31,
147013,0.6388,,,,,,,,,
147129,0.3111,,,,,,,,,
147244,0.5405,450,600,410,570,,,14,24,
147341,0.8662,510,630,500,600,,,20,27,
147369,0.9754,,,,,,,,,
147536,0.9312,,,,,,,,,
147660,0.5831,535,650,530,630,,,23,27,
147679,0.7284,,,,,,,,,
147703,0.7045,,,,,,,,,
147767,0.0715,730,770,760,790,,,33,35,
147776,0.704,,,,,,,,,
147828,0.669,480,600,480,590,,,18,28,
148016,0.444,510,640,530,610,,,19,23,
148131,0.4989,540,630,530,620,,,21,25,
148405,0.5723,450,535,400,535,,,17,23,
148487,0.9427,430,550,390,540,,,21,29,
148496,0.798,480,570,454,570,,,17,22,
148584,0.6393,460,590,440,580,,,20,25,
148627,0.8575,,,,,,,,,
148654,0.8437,510,610,500,600,,,21,28,
149028,1,,,,,,,,,
149222,0.9044,470,580,440,560,,,20,27,
149231,0.9721,460,590,440,570,,,20,26,
149310,0.8929,,,,,,,,,
149329,1,,,,,,,,,
149505,0.8865,520,590,530,610,,,23,28,
149514,0.9318,,,,,,,,,
149639,0.973,,,,,,,,,
149772,0.7496,,,,,,,,,
149781,0.8998,650,720,610,720,,,27,32,
150066,0.5342,480,590,460,580,,,16,23,
150136,0.716,550,630,530,620,,,25,30,
150145,0.9868,470,600,470,590,,,19,24,
150163,0.8587,590,680,590,680,,,26,31,
150400,0.5406,570,680,570,750,,,26,31,
150455,0.7422,608,690,570,673,,,23,30,
150534,0.7765,,,,,,,,,
150604,0.7058,500,600,520,600,,,21,27,
150668,0.8894,420,570,430,563,,,23,27,
150677,0.8078,480,600,470,600,,,20,27,
150756,0.8397,540,640,530,600,,,22,30,
150774,0.7371,490,660,490,640,,,23,31,
150941,0.7115,470,590,530,600,,,21,25,
151102,0.8566,480,600,480,590,,,19,26,
151111,0.8139,520,620,520,610,,,21,28,
151263,0.7276,,,,,,,,,
151290,0.5689,,,,,,,,,
151306,0.9465,510,610,510,610,,,22,28,
151324,0.915,,,,,,,,,
151333,0.8469,490,590,480,590,,,18,26,
151342,0.8599,490,590,480,580,,,21,25,
151351,0.8037,590,690,580,710,,,27,32,
151360,0.767,480,580,460,590,,,21,27,
151379,0.8312,510,610,500,580,,,20,26,
151388,0.7124,500,610,510,610,,,20,25,
151467,0.8182,,,,,,,,,
151777,0.913,,,,,,,,,
151786,0.9534,,,,,,,,,
151801,0.8221,490,600,480,580,,,19,28,
152080,0.1238,710,760,730,780,,,33,35,
152099,0.6821,,,,,,,,,
152318,0.7281,620,710,660,760,,,29,34,
152336,0.9756,470,570,450,560,,,17,25,
152381,0.7614,440,540,435,530,,,15,18,
152390,0.8111,560,650,540,660,,,25,30,
152497,1,480,570,470,570,,,,,
152530,0.7611,540,670,530,670,,,23,30,
152567,0.8469,,,,,,,,,
152600,0.9222,540,660,540,650,,,25,30,
152673,0.6278,540,630,560,670,,,24,29,
153001,0.7176,,,,,,,18,25,
153108,0.7897,490,580,445,625,,,19,25,
153126,0.6816,480,525,410,520,,,18,26,
153144,0.7067,520,660,560,620,,,22,28,
153162,0.8066,580,655,570,663,,,23,30,
153250,0.7116,510,620,520,610,,,21,27,
153269,0.6413,610,690,580,700,,,24,30,
153278,0.8692,470,580,480,580,,,19,25,
153302,0.977,460,510,450,550,,,20,26,
153320,0.4968,460,620,480,560,,,18,25,
153366,0.8322,,,,,,,,,
153375,0.9838,,,,,,,,,
153384,0.1268,698,760,720,790,,,31,34,
153603,0.8913,550,660,560,690,,,21,28,
153658,0.8467,570,660,560,660,,,22,28,
153825,0.9183,,,,,,,,,
153834,0.7327,550,650,548,668,,,22,29,
153861,0.969,,,,,,,,,
153977,0.9878,,,,,,,,,
154004,0.7057,,,,,,,12,22,
154013,0.7876,,,,,,,19,25,
154095,0.944,460,580,400,630,,,20,26,
154101,0.8701,,,,,,,,,
154235,0.7332,,,,,,,,,
154262,0.4444,,,,,,,16,19,
154350,0.8888,,,,,,,31,33,
154493,0.9338,500,590,470,570,,,14,21,
154518,0.726,,,,,,,,,
154527,0.9941,490,605,488,630,,,19,27,
154590,0.5701,440,540,390,560,,,16,22,
154688,0.921,,,,,,,13,21,
154712,0.7645,560,660,557,650,,,22,29,
154721,0.786,,,,,,,,,
154749,0.957,,,,,,,,,
155025,0.9774,,,,,,,18,24,
155061,0.9177,490,600,480,600,,,19,25,
155070,0.5449,,,,,,,,,
155089,0.5564,465,550,450,540,,,17,22,
155140,0.8832,,,,,,,,,
155283,0.9883,,,,,,,,,
155317,0.882,530,650,520,640,,,21,27,
155335,0.4761,,,,,,,,,
155399,0.7936,530,630,510,630,,,20,27,
155414,0.8498,,,,,,,,,
155423,0.4075,,,,,,,,,
155496,1,,,,,,,14,26,
155511,0.8379,468,573,468,553,,,17,24,
155520,0.7346,463,570,465,548,,,17,23,
155627,0.8003,460,590,420,550,,,16,21,
155681,0.8817,,,,,,,18,24,
155812,0.8984,448,560,478,533,,,18,24,
155900,0.6497,,,,,,,,,
155937,0.5303,,,,,,,,,
155973,0.6462,420,560,410,570,,,18,23,
156125,0.9494,490,630,480,620,,,18,26,
156189,0.8557,,,,,,,16,21,
156213,0.6406,,,,,,,,,
156286,0.9359,535,613,540,630,,,22,28,
156295,0.3271,588,680,568,655,,,24,27,
156356,0.3461,,,,,,,,,
156365,0.9833,,,,,,,,,
156408,0.5434,610,683,620,740,,,26,32,
156541,0.7139,,,,,,,,,
156620,0.7809,480,600,450,590,,,17,24,
156745,0.7388,520,610,510,620,,,21,26,
157030,0.3571,,,,,,,13,22,
157058,0.9255,420,500,400,510,,,14,20,
157076,0.67,430,550,320,580,,,12,24,
157085,0.9238,550,640,530,650,,,21,28,
157100,0.6238,450,510,450,530,,,18,23,
157289,0.8054,510,630,510,620,,,19,27,
157377,0.9518,530,590,500,530,,,20,25,
157386,0.8212,,,,,,,,,
157401,0.8617,480,600,470,590,,,19,26,
157447,0.9603,458,573,458,560,,,19,25,
157748,0.9689,528,613,500,590,,,20,25,
157757,0.9864,428,570,425,533,,,16,22,
157809,0.9703,510,590,490,560,,,20,27,
157818,0.8499,570,670,530,620,,,24,30,
157863,0.5504,460,560,460,545,,,14,21,
157951,0.9705,450,520,370,490,,,16,20,
158477,0.5442,520,620,520,590,,,21,28,
158802,0.4051,503,590,473,563,,,19,23,
159009,0.2368,450,590,410,560,,,15,19,
159382,0.9263,450,580,430,560,,,17,22,
159391,0.74,590,670,560,660,,,24,29,
159416,0.8272,530,590,470,560,,,19,24,
159568,0.8379,,,,,,,,,
159647,0.7257,500,630,545,660,,,21,27,
159656,0.8772,,,,,,,,,
159717,0.6755,430,560,380,560,,,18,24,
159939,0.6677,470,650,490,670,,,17,23,
159966,0.9602,490,600,438,545,,,18,24,
159993,0.7456,520,620,530,730,,,19,24,
160038,0.9374,495,620,430,623,,,18,24,
160065,0.9901,,,,,,,,,
160074,0.8294,,,,,,,,,
160612,0.9428,,,,,,,19,24,
160621,0.4987,418,510,380,490,,,15,19,
160630,0.6021,,,,,,,14,18,
160658,0.8883,560,645,560,610,,,23,27,
160755,0.1459,690,750,700,760,,,31,33,
160904,0.7448,500,568,453,570,,,19,25,
160959,0.6502,,,,,,,,,
160977,0.1302,700,740,700,770,,,31,33,
161004,0.0802,730,760,750,790,,,33,35,
161022,0.3333,430,480,420,490,,,,,
161086,0.0683,710,760,730,790,,,32,34,
161226,0.9763,510,615,405,595,,,,,
161235,0.9907,,,,,,,,,
161253,0.9571,,,,,,,,,
161299,0.614,540,640,530,630,,,23,30,
161341,0.9709,,,,,,,,,
161457,0.8884,,,,,,,,,
161509,0.7755,,,,,,,,,
161518,0.8172,470,580,440,560,,,,,
161554,0.7931,505,640,490,640,,,23,26,
161563,0.9707,,,,,,,,,
161572,0.818,,,,,,,,,
161873,0.8555,530,580,480,530,,,,,
162007,0.8354,423,540,373,543,,,,,
162061,0.7794,,,,,,,,,
162210,0.4536,400,590,400,510,,,,,
162283,0.4956,,,,,,,,,
162584,0.8944,,,,,,,,,
162654,0.729,560,683,520,683,,,26,30,
162760,0.7813,,,,,,,,,
162928,0.0756,750,780,780,800,,,34,35,
163046,0.7633,610,690,570,660,,,27,32,
163268,0.7424,610,700,610,710,,,23,30,
163286,0.4484,670,740,700,780,,,32,35,
163295,0.7729,455,580,460,640,,,26,30,
163338,0.9036,,,,,,,,,
163453,0.8296,410,530,450,550,,,17,21,
163462,0.7186,520,660,510,620,,,19,23,
163532,0.7941,,,,,,,,,
163578,0.8649,,,,,,,,,
163851,0.8863,600,670,580,640,,,26,28,
163912,0.7539,570,690,540,640,,,24,30,
163976,0.4429,650,760,600,740,,,29,32,
164076,0.828,540,650,510,620,,,19,28,
164155,0.0936,600,700,600,720,,,24,31,
164173,0.832,,,,,,,,,
164216,0.6554,605,690,580,655,,,25,30,
164270,0.8358,,,,,,,,,
164368,0.5335,,,,,,,,,
164447,0.969,,,,,,,,,
164465,0.0982,690,770,670,780,,,31,35,
164492,0.8956,,,,,,,,,
164535,0.3333,,,,,,,,,
164562,0.8654,,,,,,,,,
164580,0.1974,660,720,720,780,,,30,33,
164614,1,,,,,,,,,
164632,0.735,,,,,,,,,
164739,0.4844,620,690,630,720,,,29,32,
164748,0.4991,,,,,,,,,
164924,0.1565,710,760,720,780,,,33,34,
164988,0.1085,680,740,720,780,,,32,34,
165015,0.3531,690,750,700,780,,,31,34,
165024,0.8919,530,630,510,600,,,18,27,
165060,0.5217,,,,,,,,,
165264,0.4054,,,,,,,,,
165334,0.4167,640,710,600,690,,,30,33,
165529,0.9205,510,630,510,610,,,,,
165574,0.7371,,,,,,,,,
165608,0.6364,,,,,,,,,
165644,0.5896,438,585,445,595,,,,,
165662,0.4748,650,720,600,690,,,30,33,
165671,0.806,590,680,580,650,,,26,31,
165699,0.7229,590,680,570,660,,,26,29,
165802,0.7075,,,,,,,,,
165820,0.8994,520,620,510,600,,,19,25,
165866,0.8487,550,655,520,600,,,,,
165936,0.5878,598,690,570,680,,,26,32,
166018,0.7035,,,,,,,,,
166027,0.0345,740,780,760,800,,,34,36,
166054,0.9048,,,,,,,,,
166124,0.211,630,720,620,700,,,28,32,
166391,0.8225,550,650,535,610,,,18,26,
166452,0.9442,,,,,,,,,
166489,0.844,,,,,,,,,
166513,0.8524,590,670,590,680,,,26,30,
166629,0.5777,650,720,650,760,,,29,33,
166638,0.8296,540,650,540,640,,,24,30,
166656,0.8521,540,640,540,700,,,23,33,
166674,0.7747,,,,,,,,,
166683,0.0474,730,780,780,800,,,34,36,
166692,0.9455,,,,,,,,,
166850,0.7361,,,,,,,,,
166939,0.3829,690,750,660,750,,,31,33,
167057,0.4275,,,,,,,,,
167260,0.8814,490,610,510,580,,,,,
167288,0.9235,,,,,,,,,
167358,0.0565,710,760,750,790,,,33,35,
167394,0.8766,590,670,560,650,,,,,
167598,0.8928,,,,,,,,,
167729,0.9557,510,590,480,570,,,,,
167783,0.66,640,710,590,680,,,26,31,
167792,0.9721,,,,,,,,,
167835,0.1973,718,770,690,770,,,32,34,
167871,0.4917,,,,,,,,,
167899,0.7023,530,650,540,610,,,,,
167987,0.9216,520,640,520,620,,,22,27,
167996,0.7256,,,,,,,,,
168005,0.8474,560,660,530,620,,,24,32,
168148,0.1013,710,760,750,790,,,33,35,
168218,0.1391,720,770,720,780,,,33,35,
168227,0.8537,570,660,570,660,,,25,31,
168254,0.8326,570,650,560,660,,,25,27,
168263,0.8074,,,,,,,,,
168281,0.7133,620,720,590,700,,,29,33,
168342,0.0999,730,770,740,790,,,33,35,
168421,0.585,,,,,,,,,
168430,0.8986,505,635,503,645,,,,,
168528,0.6837,455,570,425,550,,,18,26,
168546,0.8316,,,,,,,,,
168591,0.6566,,,,,,,,,
168740,0.874,540,690,530,680,,,20,28,
168786,0.7106,490,620,500,590,,,20,25,
168847,0.875,490,590,470,580,,,,,
169080,0.7131,530,670,540,670,,,22,30,
169248,0.9101,490,620,470,590,,,21,27,
169327,0.4975,,,,,,,,,
169363,0.7209,,,,,,,19,29,
169442,0.9276,,,,,,,,,
169479,0.9705,,,,,,,,,
169576,0.5,,,,,,,,,
169655,0.9964,,,,,,,,,
169716,0.8014,510,630,510,630,,,22,28,
169798,0.8135,470,600,440,570,,,18,26,
169910,0.8058,450,570,440,550,,,18,26,
169983,0.7909,520,640,540,670,,,26,29,
170000,0.9931,,,,,,,,,
170037,0.732,,,,,,,,,
170082,0.9469,480,600,460,590,,,21,28,
170286,0.2059,670,760,670,750,,,30,33,
170301,0.7585,550,660,540,650,,,26,31,
170532,0.7623,610,700,578,673,,,,,
170639,0.6801,,,,,,,,,
170675,0.8025,,,,,,,,,
170806,0.9293,460,560,430,560,,,,,
170967,0.6531,,,,,,,,,
170976,0.1794,670,750,680,780,,,31,34,
171100,0.8392,580,670,570,680,,,26,31,
171128,0.8794,560,660,560,670,,,25,31,
171137,0.5863,500,630,490,630,,,23,30,
171146,0.6883,490,620,460,590,,,17,29,
171456,0.6995,,,,,,,,,
171492,0.839,,,,,,,,,
171571,0.7024,520,620,475,565,,,,,
171599,0.9711,,,,,,,,,
171881,0.3385,,,,,,,,,
172033,1,,,,,,,,,
172051,0.7288,480,590,460,570,,,19,25,
172264,0.6656,440,570,450,570,,,16,20,
172334,0.3733,470,595,465,570,,,17,25,
172644,0.8203,530,640,510,620,,,21,28,
172699,0.8468,500,620,490,600,,,20,27,
173045,0.7653,,,,,,,,,
173124,0.7066,,,,,,,18,23,
173142,0.5096,450,630,550,630,,,21,26,
173160,0.9099,520,625,545,615,,,23,29,
173258,0.2228,710,760,720,790,,,32,34,
173300,0.6306,560,730,600,690,,,21,28,
173328,0.7487,,,,,,,,,
173452,0.8257,538,653,540,603,,,22,27,
173647,0.618,,,,,,,25,31,
173665,0.8983,593,695,553,698,,,20,28,
173902,0.2821,680,750,670,760,,,30,33,
173920,0.9133,,,,,,,22,25,
173957,0.3871,,,,,,,,,
174020,0.9649,,,,,,,16,23,
174066,0.7703,640,720,670,760,,,27,31,
174075,0.5838,,,,,,,,,
174127,0.4836,570,750,540,680,,,20,24,
174154,0.9382,,,,,,,,,
174233,0.8175,578,670,550,665,,,23,28,
174251,0.7046,,,,,,,,,
174358,0.5262,,,,,,,19,24,
174437,0.9082,,,,,,,,,
174491,0.9188,488,630,493,663,,,22,29,
174747,0.9136,470,610,480,610,,,21,27,
174783,0.9495,470,620,500,660,,,18,25,
174792,0.9048,575,635,570,645,,,22,28,
174817,0.8881,,,,,,,,,
174844,0.5215,640,740,620,730,,,28,32,
174862,0.6281,,,,,,,,,
174899,0.9378,,,,,,,21,27,
174914,0.8494,610,708,613,708,,,25,30,
175005,0.9407,,,,,,,20,26,
175078,0.6894,,,,,,,17,23,
175227,0.9847,,,,,,,17,23,
175272,0.6852,510,610,470,640,,,19,25,
175342,0.2466,430,495,420,503,,,15,24,
175421,0.5325,,,,,,,18,23,
175430,1,450,500,500,570,,,18,22,
175616,0.9968,480,600,460,590,,,17,24,
175856,0.9103,440,550,410,530,,,15,20,
175980,0.4903,,,,,,,,,
176017,0.9778,510,610,510,600,,,21,29,
176035,1,,,,,,,18,23,
176044,0.5116,,,,,,,14,18,
176053,0.4887,,,,,,,19,26,
176080,0.7632,570,690,540,720,,,21,29,
176318,0.3469,,,,,,,,,
176372,0.9938,,,,,,,19,27,
176406,0.5319,,,,,,,,,
176479,0.5797,460,620,420,580,,,20,27,
176628,0.5954,400,490,400,510,,,15,21,
176770,0.7143,,,,,,,,,
176789,0.7091,480,620,430,580,,,16,23,
176947,0.879,488,553,553,585,,,19,24,
176965,0.6861,,,,,,,18,24,
176983,1,,,,,,,,,
177038,0.8,,,,,,,,,
177083,1,,,,,,,19,28,
177117,0.6631,,,,,,,14,24,
177144,0.98,,,,,,,18,21,
177214,0.5887,540,650,510,660,,,23,28,
177339,0.693,,,,,,,,,
177418,0.9503,,,,,,,,,
177542,0.5874,,,,,,,17,25,
177746,0.6035,,,,,,,,,
177931,0.75,,,,,,,,,
177968,0.6586,,,,,,,19,24,
177986,0.9,453,533,478,505,,,16,24,
178059,0.9369,,,,,,,,,
178183,0.7778,,,,,,,,,
178208,0.9433,,,,,,,,,
178244,0.641,470,560,440,610,,,14,19,
178341,0.9744,500,600,500,570,,,18,24,
178369,0.5269,450,560,470,580,,,16,22,
178396,0.7702,580,670,570,660,,,23,29,
178402,0.7499,570,750,580,790,,,21,29,
178411,0.7307,560,670,590,708,,,25,31,
178420,0.5716,500,620,530,600,,,20,27,
178615,0.7996,573,648,553,670,,,23,29,
178624,0.8591,480,600,490,600,,,18,23,
178679,0.9819,,,,,,,,,
178697,0.1487,545,660,518,645,,,20,25,
178767,0.7143,,,,,,,,,
179043,0.6905,553,638,563,608,,,22,27,
179159,0.8147,610,710,600,720,,,26,31,
179265,0.7513,530,660,520,610,,,21,28,
179326,0.9972,500,600,460,600,,,18,24,
179548,0.9155,610,650,520,620,,,16,23,
179557,0.785,470,550,380,480,,,16,21,
179566,0.9105,490,620,500,600,,,19,25,
179867,0.1196,730,770,770,800,,,33,35,
179894,0.5799,518,643,488,590,,,20,28,
179946,0.7758,410,580,470,540,,,18,23,
179955,0.3429,490,570,470,550,,,19,25,
179964,0.7449,,,,,,,,,
180106,0.7264,540,660,540,670,,,24,29,
180258,0.642,445,580,400,555,,,16,24,
180416,0.899,520,620,540,630,,,18,25,
180461,0.8683,530,640,530,630,,,20,27,
180489,0.956,,,,,,,23,28,
180595,0.7288,520,620,470,620,,,19,24,
180692,0.995,,,,,,,,,
180832,0.6429,,,,,,,,,
180878,0.6291,,,,,,,,,
180984,0.9004,530,625,510,610,,,19,26,
181002,0.7231,610,700,600,700,,,24,30,
181020,0.8953,,,,,,,,,
181127,0.6987,,,,,,,,,
181215,0.8579,480,590,490,560,,,18,25,
181297,0.8829,,,,,,,,,
181330,0.6692,430,550,463,560,,,18,24,
181394,0.869,,,,,,,18,26,
181446,0.8375,500,610,520,600,,,22,27,
181464,0.7707,550,660,540,670,,,22,28,
181543,0.1429,,,,,,,,,
181604,0.4395,,,,,,,18,24,
181738,0.9989,,,,,,,,,
181853,0.4763,430,520,415,540,,,16,23,
182281,0.9626,500,620,480,610,,,18,24,
182290,0.8531,,,,,,,,,
182634,0.8998,,,,,,,,,
182670,0.0623,740,780,760,790,,,33,35,
182795,0.9019,490,580,455,560,,,,,
182917,0.4444,,,,,,,,,
182980,0.9574,,,,,,,,,
183026,0.9612,,,,,,,,,
183044,0.8687,570,670,550,650,,,26,31,
183062,0.8909,,,,,,,,,
183071,0.8733,530,630,500,620,,,,,
183080,0.9103,,,,,,,,,
183211,0.8176,,,,,,,,,
183239,0.7832,560,650,530,620,,,25,27,
183822,0.6723,,,,,,,,,
183910,0.654,,,,,,,,,
183974,0.9668,,,,,,,,,
184348,0.6944,560,680,550,640,,,25,31,
184603,0.9591,,,,,,,,,
184612,0.9401,450,570,440,580,,,,,
184694,0.9527,,,,,,,,,
184773,0.7052,,,,,,,,,
184782,0.7782,560,660,540,650,,,26,30,
184968,0.25,,,,,,,,,
185129,0.8918,,,,,,,,,
185262,0.7688,515,598,505,600,,,,,
185572,0.8954,570,640,555,630,,,24,28,
185590,0.8741,480,620,460,605,,,,,
185679,0.9622,,,,,,,,,
185828,0.669,590,710,620,760,,,25,32,
186131,0.045,740,780,760,800,,,34,35,
186186,0.8714,,,,,,,,,
186201,0.7322,560,640,560,630,,,21,26,
186283,0.794,560,660,540,650,,,22,29,
186371,0.7775,510,625,500,630,,,18,26,
186380,0.6535,630,720,640,760,,,28,33,
186399,0.7873,,,,,,,,,
186432,0.9053,,,,,,,,,
186584,0.789,620,700,600,700,,,27,31,
186618,0.7721,,,,,,,,,
186867,0.4344,670,730,700,770,,,31,34,
186876,0.8817,540,640,540,620,,,20,27,
186900,0.4167,,,,,,,,,
187134,0.6214,570,670,570,670,,,25,31,
187444,0.9252,,,,,,,,,
187648,0.5492,430,540,420,530,,,15,21,
187745,1,,,,,,,,,
187912,0.5776,,,,,,,,,
187967,0.5396,500,650,540,640,,,20,28,
187985,0.9545,460,590,440,570,,,19,26,
188030,0.7573,450,560,435,550,,,17,24,
188429,0.7751,580,650,560,660,,,24,30,
188526,0.5908,560,680,560,700,,,28,33,
188641,0.4833,540,640,560,640,,,24,31,
188669,0.4918,,,,,,,,,
188678,0.8135,,,,,,,,,
188854,0.2471,,,,,,,,,
188915,1,,,,,,,,,
188942,1,,,,,,,,,
189088,0.5229,670,740,620,700,,,30,32,
189097,0.0796,723,770,730,780,,,32,34,
189273,0.9032,,,,,,,,,
189705,0.8177,,,,,,,,,
189857,0.8846,,,,,,,,,
190008,0.0377,,,,,,,,,
190044,0.7716,593,690,605,700,,,26,31,
190099,0.1195,710,750,720,780,,,33,34,
190114,0.7654,,,,,,,,,
190150,0.0423,730,770,760,800,,,34,35,
190372,0.1905,680,740,720,780,,,33,34,
190415,0.0816,720,770,760,790,,,33,35,
190451,0.4,,,,,,,,,
190503,0.9176,500,605,470,590,,,17,25,
190512,0.5048,600,680,610,730,,,,,
190549,0.5366,560,710,580,710,,,,,
190567,0.5807,610,710,610,750,,,,,
190576,0.3861,,,,,,,,,
190594,0.5405,610,710,600,760,,,,,
190600,0.5722,520,640,480,610,,,,,
190637,0.5543,460,590,400,630,,,,,
190646,0.8339,400,550,380,450,,,,,
190655,0.8074,450,580,430,620,,,,,
190664,0.6852,540,660,560,660,,,,,
190691,0.5942,500,600,490,610,,,,,
190707,0.4118,,,,,,,,,
190716,0.8235,445,595,440,595,,,,,
190725,0.7616,,,,,,,,,
190752,0.88,,,,,,,,,
190761,0.7883,560,605,535,630,,,,,
190956,0.8284,,,,,,,,,
190983,0.908,543,650,573,682,,,,,
191126,0.5761,,,,,,,,,
191205,0.7203,,,,,,,,,
191241,0.5628,670,730,660,760,,,30,33,
191515,0.1177,700,770,710,780,,,32,35,
191533,0.687,550,640,540,640,,,,,
191597,0.2381,,,,,,,,,
191621,0.9802,410,550,570,630,,,,,
191630,0.5728,620,690,600,670,,,26,32,
191649,0.7059,610,690,600,690,,,27,31,
191676,0.927,600,700,580,690,,,23,28,
191931,0.9114,525,645,530,620,,,20,28,
191940,0.9615,,,,,,,,,
191968,0.6994,610,700,580,670,,,27,31,
192004,0.8582,,,,,,,,,
192040,0.4507,730,779,710,780,,,33,35,
192110,0.0896,,,,,,,,,
192192,0.9388,510,590,498,593,,,,,
192271,0.9875,520,610,470,590,,,15,25,
192323,0.7529,580,670,580,670,,,25,31,
192448,0.8977,580,670,560,680,,,25,30,
192509,0.7324,,,,,,,,,
192624,0.95,,,,,,,,,
192703,0.7849,570,670,580,670,,,22,31,
192712,0.3994,,,,,,,,,
192749,0.8466,,,,,,,,,
192785,0.6094,480,535,485,560,,,,,
192800,1,,,,,,,,,
192819,0.6471,620,690,600,670,,,27,30,
192864,0.7888,580,670,520,630,,,25,29,
192961,1,,,,,,,,,
193016,0.8547,,,,,,,,,
193052,0.8974,,,,,,,,,
193061,0.625,,,,,,,,,
193070,0.6087,,,,,,,,,
193247,0.7778,,,,,,,,,
193292,0.7564,540,660,540,650,,,24,29,
193308,0.6588,,,,,,,,,
193353,0.8246,560,640,530,615,,,,,
193399,0.8464,480,610,440,590,,,,,
193584,0.795,610,680,560,650,,,25,30,
193609,0.7059,,,,,,,,,
193654,0.6252,,,,,,,,,
193900,0.0941,720,770,760,800,,,33,35,
193973,0.8534,510,630,520,610,,,23,27,
194091,0.7808,580,680,600,710,,,25,33,
194116,0.6034,,,,,,,,,
194310,0.7714,580,668,550,660,,,24,29,
194392,0.9073,,,,,,,,,
194499,0.3,,,,,,,,,
194569,0.3333,,,,,,,,,
194578,0.5317,620,700,600,720,,,26,32,
194657,1,,,,,,,,,
194693,0.9259,,,,,,,,,
194718,1,,,,,,,,,
194736,1,,,,,,,,,
194763,0.9754,,,,,,,,,
194824,0.5845,650,730,680,770,,,30,34,
194958,0.7778,495,640,470,610,,,,,
195003,0.714,640,720,640,740,,,29,33,
195030,0.3585,690,750,710,790,,,31,34,
195128,0.7619,,,,,,,,,
195164,0.8153,520,630,530,630,,,23,30,
195191,0.4545,,,,,,,,,
195216,0.5847,630,710,625,700,,,29,32,
195234,0.734,,,,,,,,,
195243,0.8223,,,,,,,,,
195304,0.5893,680,730,590,710,,,29,33,
195474,0.7057,540,680,553,680,,,26,29,
195526,0.2292,660,730,640,730,,,30,33,
195544,0.714,540,630,550,650,,,,,
195702,1,,,,,,,,,
195720,0.678,560,640,560,640,,,24,29,
195809,0.7967,560,660,550,660,,,24,29,
196006,0.8175,480,580,490,590,,,16,23,
196015,0.9634,,,,,,,,,
196024,0.8841,,,,,,,,,
196033,0.8325,500,590,490,580,,,,,
196042,0.6912,510,600,510,600,,,19,27,
196051,0.9123,,,,,,,,,
196060,0.6987,,,,,,,,,
196079,0.3773,660,730,660,760,,,29,34,
196088,0.693,600,680,610,700,,,27,32,
196097,0.4901,640,720,680,770,,,28,33,
196103,0.8294,,,,,,,,,
196112,0.7844,560,650,590,680,,,24,27,
196121,0.7129,530,620,540,620,,,18,26,
196130,0.7587,480,600,480,590,,,,,
196149,0.5071,,,,,,,,,
196158,0.792,520,650,540,640,,,21,28,
196167,0.6353,610,690,590,690,,,26,31,
196176,0.587,600,680,570,660,,,24,29,
196185,0.7015,550,630,540,620,,,23,28,
196194,0.8039,530,640,530,630,,,23,27,
196200,0.8548,,,,,,,,,
196219,0.7283,600,700,578,663,,,27,32,
196237,0.8458,,,,,,,,,
196246,0.7518,560,640,540,630,,,,,
196291,0.7851,545,640,546,645,,,22,26,
196413,0.4169,630,710,630,720,,,28,32,
196431,0.7808,,,,,,,,,
196440,1,,,,,,,,,
196583,0.6471,,,,,,,,,
196592,0.6301,650,730,625,710,,,28,33,
196653,0.8301,,,,,,,,,
196866,0.4379,650,720,660,760,,,30,33,
197027,0.3247,570,650,570,650,,,23,29,
197036,0.1398,600,700,600,730,,,28,33,
197045,0.8719,510,600,520,610,,,,,
197133,0.1773,720,770,715,780,,,33,35,
197142,0.8668,,,,,,,,,
197151,0.9132,585,725,580,725,,,21,31,
197197,0.8346,580,670,570,650,,,23,27,
197221,0.2,670,745,720,780,,,,,
197230,0.6965,,,,,,,,,
197285,0.9457,,,,,,,,,
197647,0.7021,,,,,,,,,
197692,0.9184,,,,,,,,,
197708,0.6375,660,740,660,760,,,28,33,
197735,0.9373,,,,,,,,,
197744,0.5217,,,,,,,,,
197869,0.8864,560,650,540,630,,,21,27,
197911,0.9587,,,,,,,,,
197984,0.9038,480,600,460,590,,,17,25,
197993,0.3361,453,508,405,438,,,,,
198066,0.395,440,620,430,600,,,16,26,
198109,0.4921,500,540,470,520,,,16,22,
198136,0.9429,,,,,,,,,
198215,0.777,500,593,510,593,,,20,25,
198303,0.7237,485,585,395,560,,,,,
198385,0.1448,690,750,670,760,,,31,34,
198419,0.0678,740,770,770,800,,,34,35,
198464,0.9006,530,610,520,590,,,20,26,
198507,0.7049,,,,,,,,,
198516,0.6731,580,675,563,630,,,23,28,
198543,0.7989,445,520,410,525,,,15,20,
198561,0.8702,520,640,520,620,,,20,26,
198598,0.9205,,,,,,,,,
198613,0.8376,510,630,500,620,,,18,26,
198695,0.7683,560,650,550,650,,,23,31,
198756,0.4287,,,,,,,,,
198808,0.8075,,,,,,,,,
198835,0.8068,,,,,,,,,
198862,0.7409,,,,,,,,,
198871,0.3205,,,,,,,,,
198899,0.7789,,,,,,,,,
198950,0.7466,590,650,520,610,,,23,30,
198969,0.752,550,630,560,590,,,23,25,
199032,0.6555,,,,,,,,,
199069,0.7775,,,,,,,17,22,
199102,0.4617,490,610,470,580,,,16,22,
199111,0.9389,600,690,570,660,,,22,29,
199120,0.1874,680,750,690,780,,,30,34,
199139,0.8021,550,650,560,670,,,21,27,
199148,0.8983,560,660,540,620,,,22,27,
199157,0.9049,500,570,480,530,,,17,18,
199184,0.331,600,710,550,640,,,24,27,
199193,0.3985,640,720,660,740,,,28,32,
199209,0.7795,,,,,,,,,
199218,0.7401,620,690,600,670,,,24,28,
199272,0.9736,590,640,550,640,,,22,27,
199281,0.9236,,,,,,,,,
199306,0.953,,,,,,,,,
199412,0.6768,560,650,550,650,,,24,29,
199458,0.7621,,,,,,,,,
199582,0.5873,,,,,,,,,
199607,0.8703,588,685,490,630,,,18,27,
199643,0.3048,,,,,,,,,
199759,0.7661,480,630,440,600,,,18,26,
199847,0.2156,690,740,700,770,,,32,34,
199865,0.7762,,,,,,,25,30,
199962,0.8499,490,640,500,630,,,18,24,
199999,0.6855,420,530,400,520,,,14,18,
200004,0.8666,540,650,510,610,,,20,26,
200059,0.6005,,,,,,,,,
200156,0.9351,,,,,,,,,
200217,0.7825,,,,,,,,,
200253,0.7221,480,580,450,600,,,18,24,
200280,0.7709,,,,,,,,,
200332,0.9581,,,,,,,19,24,
200484,0.3622,,,,,,,18,26,
200572,0.6931,,,,,,,18,24,
200785,0.9403,,,,,,,,,
200800,0.7091,480,590,470,600,,,18,25,
200846,0.8053,493,560,408,593,,,17,23,
201061,0.3314,,,,,,,,,
201104,0.8057,495,610,525,645,,,20,25,
201177,0.4127,,,,,,,15,22,
201195,0.7685,530,650,520,635,,,20,27,
201371,0.6116,480,560,440,570,,,17,23,
201441,0.8061,510,620,510,610,,,20,26,
201539,0.6296,,,,,,,,,
201548,0.7317,490,600,490,590,,,18,25,
201645,0.2868,700,750,730,790,,,32,35,
201654,0.6282,570,690,540,670,,,23,29,
201690,0.46,,,,,,,,,
201821,0.5018,420,490,410,510,,,17,22,
201885,0.8767,580,670,570,690,,,24,29,
201964,0.399,,,,,,,15,17,
202046,0.5628,550,670,510,630,,,22,26,
202073,0.3818,,,,,,,,,
202134,0.9548,,,,,,,17,25,
202170,0.7174,,,,,,,,,
202480,0.6165,600,680,595,690,,,26,31,
202514,0.4243,,,,,,,,,
202523,0.1693,650,710,650,760,,,29,32,
202763,0.8633,,,,,,,,,
202903,0.6403,,,,,,,,,
202912,0.1693,,,,,,,,,
202985,0.5,,,,,,,,,
203030,1,,,,,,,,,
203085,0.6773,,,,,,,,,
203128,0.9339,,,,,,,,,
203368,0.811,600,670,590,680,,,25,30,
203386,0.6853,,,,,,,,,
203517,0.8665,500,620,500,610,,,18,25,
203535,0.3071,690,750,670,750,,,31,34,
203544,0.8286,,,,,,,18,26,
203580,0.6412,485,560,460,555,,,18,24,
203757,0.741,,,,,,,,,
203775,0.7558,455,618,430,618,,,17,24,
203845,0.7862,500,640,490,655,,,18,24,
203960,0.4276,420,570,430,500,,,15,22,
204024,0.8209,610,690,600,690,,,26,31,
204176,0.5739,,,,,,,17,21,
204185,0.801,560,620,510,670,,,24,28,
204194,0.843,485,610,478,618,,,18,25,
204200,0.5652,440,548,440,535,,,17,24,
204264,0.8166,470,550,430,570,,,17,22,
204468,0.8035,,,,,,,,,
204501,0.3298,700,760,670,750,,,30,33,
204617,0.8525,,,,,,,20,28,
204635,0.7335,580,678,593,698,,,25,29,
204796,0.5082,650,720,680,760,,,29,32,
204857,0.8476,560,650,540,640,,,22,28,
204893,1,,,,,,,,,
204909,0.5067,550,685,555,665,,,25,31,
204936,0.833,,,,,,,23,28,
205027,0.8333,,,,,,,,,
205054,0.7143,,,,,,,,,
205124,0.8056,,,,,,,,,
205391,0.9183,,,,,,,,,
205957,0.7223,570,660,530,630,,,23,29,
206048,0.7977,440,560,430,560,,,15,22,
206084,0.9483,530,640,520,660,,,22,28,
206349,0.8401,490,580,470,620,,,21,25,
206437,0.7818,508,590,548,625,,,21,28,
206491,0.5273,,,,,,,15,21,
206507,0.846,430,540,430,510,,,17,23,
206525,0.9104,540,640,530,620,,,20,27,
206589,0.5432,640,730,610,720,,,27,32,
206604,0.9515,470,620,443,610,,,17,25,
206622,0.8773,530,658,530,640,,,22,29,
206695,0.8032,480,600,460,610,,,17,24,
206835,0.7703,,,,,,,,,
206941,0.8176,,,,,,,17,24,
207041,0.6555,435,515,500,540,,,16,22,
207157,0.4481,430,468,408,460,,,17,22,
207263,0.9921,455,585,465,560,,,18,23,
207306,0.6643,430,550,438,540,,,16,22,
207324,0.9707,500,610,500,610,,,19,27,
207388,0.7093,520,630,510,610,,,20,27,
207403,0.5568,510,600,490,590,,,20,28,
207458,0.7039,,,,,,,20,26,
207500,0.7654,580,670,560,660,,,23,29,
207582,0.986,550,640,533,610,,,22,27,
207722,0.5577,523,618,520,570,,,21,25,
207847,0.8034,490,580,470,570,,,18,23,
207865,1,,,,,,,17,23,
207971,0.5799,590,740,560,750,,,24,33,
208479,0.9552,,,,,,,,,
208512,0.8667,,,,,,,,,
208646,0.9876,,,,,,,,,
208725,0.6563,,,,,,,,,
208822,0.9641,540,670,530,660,,,17,28,
209056,0.7453,620,720,590,670,,,28,31,
209065,0.8793,,,,,,,,,
209241,1,,,,,,,,,
209287,0.4984,,,,,,,,,
209409,0.6636,520,635,490,680,,,,,
209506,0.9167,525,650,520,650,,,22,26,
209542,0.7885,,,,,,,,,
209551,0.8511,580,690,550,670,,,22,30,
209603,0.6854,,,,,,,,,
209612,0.9176,500,640,490,600,,,17,28,
209807,0.9091,,,,,,,,,
209825,0.9539,620,693,570,663,,,25,30,
209922,0.2716,670,760,630,750,,,29,34,
210146,0.8266,,,,,,,,,
210304,0.5855,,,,,,,,,
210331,0.8974,,,,,,,,,
210401,0.7911,630,730,590,700,,,27,32,
210429,0.9869,438,575,430,533,,,21,26,
210492,0.742,510,688,550,610,,,,,
210571,0.8615,,,,,,,,,
210669,0.5853,600,690,540,660,,,25,31,
210739,0.7858,550,650,540,640,,,24,28,
210775,0.6232,528,620,538,633,,,,,
211024,0.901,,,,,,,,,
211088,0.7919,553,650,530,660,,,26,30,
211273,0.3106,670,740,630,730,,,30,33,
211291,0.3201,640,710,660,740,,,31,33,
211352,0.6919,557,632,512,625,,,,,
211431,0.871,,,,,,,,,
211440,0.114,730,770,770,800,,,34,35,
211468,0.9913,520,660,480,570,,,,,
211477,0.2593,,,,,,,,,
211556,0.7011,550,670,520,620,,,23,27,
211583,0.7913,,,,,,,,,
211635,1,,,,,,,,,
211802,0.4333,510,540,490,550,,,,,
211893,0.0695,,,,,,,,,
211981,0.9249,550,650,520,620,,,24,27,
212009,0.4308,,,,,,,,,
212054,0.7753,610,700,620,730,,,27,33,
212106,0.7885,590,680,570,670,,,26,31,
212115,0.9288,480,590,490,580,,,20,25,
212133,0.9362,,,,,,,,,
212197,0.7677,560,650,530,630,,,19,29,
212577,0.3183,658,730,640,730,,,29,32,
212601,0.767,,,,,,,,,
212674,0.4751,630,720,610,740,,,27,32,
212805,0.734,566,684,562,690,,,23,31,
212832,0.9361,528,590,520,590,,,,,
212911,0.1291,710,760,720,780,,,33,35,
212984,0.7422,480,565,470,565,,,,,
213011,0.7845,530,640,520,620,,,26,28,
213020,0.912,480,600,460,570,,,17,24,
213163,0.7414,,,,,,,,,
213233,0.965,480,570,470,570,,,,,
213251,0.7165,550,660,520,620,,,22,29,
213303,0.796,460,570,450,560,,,,,
213321,0.932,520,620,540,620,,,19,25,
213349,0.9483,540,650,530,620,,,,,
213358,0.7761,550,640,505,595,,,,,
213367,0.8619,,,,,,,,,
213385,0.3147,670,730,670,760,,,30,33,
213400,0.9519,540,660,540,610,,,21,23,
213507,0.7453,553,660,540,640,,,,,
213543,0.2926,670,730,680,760,,,31,33,
213598,0.7837,450,530,420,520,,,18,22,
213622,0.8571,,,,,,,,,
213668,0.6788,540,643,530,630,,,23,30,
213774,0.9576,360,445,365,490,,,,,
213826,0.8371,530,640,520,600,,,21,26,
213914,0.7282,,,,,,,,,
213987,0.8323,,,,,,,,,
213996,0.7848,560,670,540,670,,,22,30,
214023,1,,,,,,,,,
214041,0.8941,520,620,510,590,,,,,
214069,0.8489,,,,,,,,,
214148,0.6051,605,688,628,723,,,25,31,
214157,0.54,540,630,520,600,,,24,28,
214166,0.9041,445,540,455,565,,,15,24,
214175,0.6401,630,710,600,690,,,28,31,
214272,0.764,,,,,,,,,
214476,0.4128,,,,,,,,,
214528,0.5039,,,,,,,,,
214591,0.9571,560,660,550,660,,,23,28,
214625,0.9331,500,640,530,630,,,25,27,
214634,0.9091,550,620,490,610,,,,,
214643,0.9453,530,660,530,645,,,,,
214652,0.9487,540,640,530,640,,,,,
214670,0.9421,575,660,565,655,,,20,28,
214689,0.9731,530,630,520,630,,,22,27,
214698,0.922,520,660,530,660,,,21,26,
214704,0.9713,540,650,550,660,,,26,29,
214713,0.9639,560,650,550,670,,,26,30,
214731,0.9533,570,660,540,680,,,18,29,
214740,0.9252,540,625,520,625,,,,,
214759,0.9166,540,630,540,635,,,,,
214768,0.9104,540,650,520,670,,,,,
214777,0.5422,610,690,610,710,,,27,32,
214786,0.9466,505,635,515,580,,,,,
214795,0.903,550,620,530,610,,,,,
214801,0.9203,550,650,540,660,,,21,27,
214810,0.9105,510,590,480,590,,,,,
214829,0.922,530,630,540,640,,,,,
214892,0.7333,,,,,,,,,
214971,0.875,,,,,,,,,
215053,0.4594,,,,,,,,,
215062,0.0587,730,770,770,800,,,34,35,
215105,0.782,,,,,,,,,
215114,0.8356,520,650,530,610,,,23,27,
215266,0.9081,520,630,510,630,,,22,31,
215275,0.9792,540,635,535,640,,,22,28,
215284,0.959,520,625,520,630,,,19,32,
215293,0.497,640,720,630,730,,,29,33,
215309,0.4464,,,,,,,,,
215390,0.4898,,,,,,,,,
215442,0.9788,520,650,515,590,,,19,27,
215594,0.2041,,,,,,,,,
215637,0.95,,,,,,,,,
215655,0.9057,,,,,,,,,
215682,0.7698,,,,,,,,,
215691,0.7452,,,,,,,,,
215743,0.7689,510,630,510,620,,,21,26,
215770,0.8639,580,670,570,660,,,27,31,
215798,0.591,500,613,493,618,,,21,25,
215929,0.8435,580,660,570,660,,,25,30,
215947,0.7579,540,640,530,630,,,21,27,
215974,0.6515,,,,,,,,,
215992,0.9328,,,,,,,,,
216010,0.8555,500,610,490,600,,,,,
216038,0.7462,490,600,490,590,,,19,25,
216047,1,,,,,,,,,
216083,0.992,,,,,,,,,
216278,0.7871,550,660,540,630,,,22,31,
216287,0.0694,720,770,740,790,,,33,34,
216296,0.5294,490,620,530,595,,,,,
216311,0.7551,,,,,,,,,
216339,0.8292,,,,,,,,,
216357,0.706,,,,,,,,,
216366,0.8614,590,680,560,670,,,27,32,
216524,0.8737,600,700,560,660,,,28,32,
216542,0.7816,,,,,,,,,
216597,0.2512,690,740,710,770,,,32,34,
216667,0.8154,,,,,,,,,
216694,0.9169,500,630,500,590,,,16,25,
216764,0.792,560,640,540,630,,,24,28,
216773,0.9643,,,,,,,,,
216807,0.8551,,,,,,,,,
216852,0.8402,530,640,520,620,,,,,
216931,0.9146,510,640,513,630,,,20,29,
216940,0.2992,,,,,,,,,
217013,0.8998,480,570,460,540,,,,,
217040,1,,,,,,,,,
217059,0.942,520,620,510,610,,,22,28,
217156,0.0523,740,770,760,800,,,34,35,
217165,0.6565,580,670,580,670,,,28,32,
217235,0.837,500,630,470,600,,,20,26,
217305,0.7273,,,,,,,,,
217402,0.4872,630,700,620,700,,,28,32,
217420,0.8109,440,600,420,560,,,,,
217484,0.7707,520,650,510,620,,,26,31,
217493,0.1381,680,760,690,780,,,30,33,
217518,0.8778,580,660,550,640,,,24,30,
217536,0.6991,600,660,560,635,,,26,30,
217624,0.3212,,,,,,,,,
217633,0.5281,560,660,530,630,,,22,28,
217688,0.7609,480,600,470,560,,,17,24,
217721,0.673,420,510,400,500,,,14,19,
217776,1,500,600,480,600,,,19,24,
217819,0.72,580,660,550,640,,,24,29,
217864,0.9809,540,640,540,610,,,22,26,
217873,0.7255,,,,,,,,,
217882,0.3805,620,690,610,700,,,28,32,
217907,0.9723,,,,,,,,,
217925,0.9758,,,,,,,,,
217934,0.9579,,,,,,,,,
217961,0.64,520,640,510,598,,,21,26,
217998,0.6056,,,,,,,,,
218061,0.8223,470,590,430,548,,,17,23,
218070,0.5257,650,720,610,705,,,28,32,
218229,0.6792,490,590,470,570,,,17,24,
218238,0.9828,,,,,,,,,
218414,0.748,410,540,410,520,,,17,24,
218441,0.6278,510,640,500,610,,,22,28,
218539,0.7234,550,650,530,630,,,22,27,
218645,0.7972,490,620,480,580,,,17,23,
218654,0.6918,,,,,,,,,
218663,0.6149,600,690,580,690,,,26,32,
218672,0.7585,,,,,,,,,
218681,0.7629,,,,,,,,,
218690,0.7626,,,,,,,,,
218706,0.6989,,,,,,,,,
218724,0.8019,530,610,520,600,,,20,26,
218733,0.8173,,,,,,,,,
218742,0.6961,510,610,490,560,,,19,25,
218821,0.814,,,,,,,,,
218964,0.7506,520,630,490,590,,,20,26,
218973,0.5859,610,680,590,670,,,27,31,
219000,0.5925,530,640,545,650,,,21,27,
219046,0.9443,,,,,,,18,23,
219082,0.9787,490,660,530,680,,,20,26,
219091,0.7277,,,,,,,,,
219198,0.4814,,,,,,,19,24,
219240,0.7429,,,,,,,,,
219259,0.9279,,,,,,,18,24,
219347,0.8525,560,650,570,670,,,23,29,
219356,0.9871,520,640,520,660,,,19,26,
219383,0.8208,,,,,,,,,
219471,0.9895,570,650,540,680,,,19,25,
219602,0.9595,468,575,475,590,,,18,23,
219639,0.6776,,,,,,,19,21,
219709,0.9636,600,690,560,660,,,23,30,
219718,0.9717,300,525,325,575,,,16,24,
219806,0.6827,480,570,460,560,,,19,25,
219833,0.8842,540,640,500,660,,,18,23,
219903,0.7337,,,,,,,,,
219949,0.67,,,,,,,,,
219976,0.6664,580,680,565,670,,,22,29,
220075,0.8706,490,600,460,570,,,19,26,
220181,0.5791,590,700,570,780,,,20,25,
220215,0.9062,467,542,467,542,,,19,26,
220464,0.8387,,,,,,,18,23,
220473,0.5377,460,530,430,560,,,19,24,
220516,0.5439,,,,,,,,,
220604,0.9717,,,,,,,,,
220613,0.7219,520,630,500,610,,,20,26,
220631,0.5927,493,610,513,610,,,19,24,
220701,0.8271,480,565,515,585,,,19,23,
220710,0.6568,513,590,505,598,,,20,28,
220862,0.9338,465,615,440,590,,,17,24,
220978,0.68,510,630,490,600,,,19,26,
221351,0.4968,650,730,640,760,,,28,33,
221519,0.509,633,710,603,688,,,27,32,
221661,0.6661,500,650,470,620,,,18,26,
221731,0.5941,470,570,490,530,,,17,23,
221740,0.7702,510,605,495,580,,,20,25,
221759,0.4599,600,670,590,670,,,25,31,
221768,0.8732,500,620,500,590,,,19,24,
221838,0.9263,433,538,423,530,,,16,21,
221847,0.8316,520,620,500,630,,,20,27,
221892,0.7002,488,600,485,593,,,18,24,
221953,0.6042,,,,,,,,,
221971,0.4718,540,690,490,650,,,22,29,
221999,0.0628,740,770,770,790,,,34,35,
222178,0.6388,540,650,520,640,,,22,28,
222831,0.7923,470,580,450,560,,,17,24,
222983,0.4666,590,680,580,660,,,26,32,
223083,0,,,,,,,,,
223117,0.2308,,,,,,,,,
223232,0.5099,610,700,600,700,,,27,32,
223472,0.8269,,,,,,,,,
224004,0.9106,440,550,420,550,,,15,24,
224147,0.8947,500,600,470,580,,,18,25,
224226,0.9108,490,620,470,597,,,21,27,
224244,0.8403,370,565,360,560,,,13,21,
224323,0.542,600,710,570,660,,,25,32,
224527,0.601,,,,,,,,,
224545,0.8019,440,550,430,530,,,16,22,
224554,0.9259,480,590,460,580,,,18,24,
225201,0.9823,,,,,,,,,
225247,0.9653,480,600,488,590,,,18,24,
225399,0.8515,490,610,480,590,,,19,28,
225414,0.753,500,590,490,580,,,18,23,
225432,0.9064,490,560,470,550,,,17,23,
225502,0.7671,493,600,500,580,,,19,25,
225511,0.6953,580,660,570,670,,,23,28,
225548,0.6769,450,570,430,530,,,18,25,
225627,0.9336,470,580,430,560,,,17,24,
225991,0.6203,,,,,,,,,
226091,0.8573,470,580,440,550,,,18,24,
226152,0.4596,470,580,450,550,,,16,20,
226231,0.4068,570,690,570,680,,,23,30,
226383,0.7319,460,590,440,570,,,19,25,
226471,0.9512,490,620,480,580,,,19,26,
226587,0.5765,500,580,510,590,,,18,25,
226833,0.8738,,,,,,,,,
227216,0.7246,500,630,480,600,,,19,27,
227368,0.8482,470,570,440,540,,,16,22,
227429,0.3381,,,,,,,,,
227526,0.753,440,520,410,510,,,16,20,
227757,0.0788,730,770,770,800,,,34,36,
227845,0.8369,530,640,500,595,,,20,25,
227863,0.9334,545,680,530,660,,,22,28,
227881,0.8539,480,580,460,560,,,19,25,
228042,0.8797,,,,,,,,,
228149,0.8895,500,590,480,560,,,16,23,
228246,0.6122,660,730,660,750,,,30,34,
228325,0.8423,463,560,463,550,,,17,22,
228343,0.3907,600,690,570,650,,,24,30,
228431,0.8825,500,590,480,570,,,18,25,
228459,0.8948,500,610,480,580,,,19,26,
228468,0.5552,465,610,445,590,,,17,25,
228501,0.9562,473,568,460,530,,,13,21,
228529,0.942,490,580,470,570,,,19,24,
228705,0.9229,480,600,500,560,,,,,
228723,0.6325,570,680,570,700,,,25,31,
228769,0.8129,500,620,490,610,,,18,26,
228778,0.2912,620,730,610,760,,,27,33,
228787,0.6546,580,690,590,720,,,25,32,
228796,0.999,440,550,430,540,,,17,23,
228802,0.9154,510,620,500,600,,,19,25,
228875,0.426,580,690,570,685,,,26,31,
228981,0.9479,520,620,510,610,,,22,28,
229018,0.8446,470,560,440,550,,,16,20,
229027,0.8846,510,610,490,590,,,19,26,
229063,0.9335,420,510,380,490,,,15,19,
229115,0.7089,550,640,540,630,,,22,28,
229160,0.6239,490,580,480,570,,,16,23,
229179,0.9499,,,,,,,,,
229267,0.2816,670,735,650,730,,,30,33,
229780,0.5405,,,,,,,,,
229814,0.9735,490,590,470,570,,,18,24,
230038,0.6919,650,720,640,730,,,28,32,
230047,0.3787,500,608,485,583,,,21,25,
230603,0.8047,,,,,,,,,
230728,0.9362,530,660,530,640,,,20,28,
230764,0.8717,590,698,590,700,,,22,29,
230807,0.6883,598,718,550,660,,,23,29,
230816,0.4804,690,740,600,673,,,30,32,
230852,0.6672,605,680,560,660,,,27,31,
230889,0.1951,,,,,,,,,
230959,0.1037,720,770,710,780,,,33,34,
230995,0.7361,540,650,520,670,,,20,27,
231059,0.9185,600,680,550,630,,,22,30,
231095,0.9231,,,,,,,,,
231165,0.8323,,,,,,,,,
231174,0.6002,640,720,610,700,,,29,32,
231411,0.6096,,,,,,,,,
231420,0.478,495,615,465,576,,,16,23,
231554,0.6272,,,,,,,,,
231581,0.9081,530,660,540,715,,,28,29,
231624,0.3272,695,750,670,760,,,32,34,
231651,0.4118,540,640,510,610,,,21,26,
231712,0.8796,560,670,540,630,,,23,29,
232025,0.963,530,630,500,610,,,21,30,
232043,0.9975,,,,,,,,,
232089,1,455,580,425,520,,,,,
232186,0.8883,580,670,560,670,,,25,30,
232256,0.5013,540,620,520,610,,,22,31,
232265,0.4827,400,626,457,600,,,12,24,
232308,0.7086,550,710,550,620,,,23,29,
232423,0.7625,600,670,570,650,,,25,29,
232557,0.9932,,,,,,,,,
232566,0.848,520,620,500,570,,,22,25,
232609,0.8219,490,630,490,600,,,,,
232618,1,,,,,,,,,
232681,0.8626,600,690,540,640,,,23,31,
232706,0.8052,,,,,,,,,
232937,0.8746,430,575,410,525,,,16,21,
232982,0.9052,570,660,540,630,,,22,27,
233277,0.9064,490,610,460,560,,,19,26,
233295,0.834,530,630,510,580,,,22,29,
233301,0.9494,520,580,440,630,,,20,24,
233338,0.7189,,,,,,,,,
233374,0.2331,690,750,720,780,,,32,34,
233408,0.1667,,,,,,,,,
233426,0.8007,560,650,530,620,,,22,30,
233541,0.7784,,,,,,,,,
233611,0.9964,480,658,463,595,,,18,25,
233718,0.7174,560,670,540,640,,,21,27,
233897,0.9392,470,615,465,560,,,20,25,
233921,0.5703,620,700,620,720,,,27,32,
234030,0.9306,530,650,500,620,,,22,30,
234076,0.1686,700,750,710,780,,,32,34,
234085,0.8173,530,640,510,620,,,22,28,
234155,0.891,420,540,380,510,,,14,20,
234164,0.9773,390,510,360,500,,,,,
234173,0.7129,560,670,580,680,,,28,29,
234207,0.1736,710,750,700,780,,,32,35,
234827,0.9022,,,,,,,,,
235024,0.7046,,,,,,,,,
235097,0.9177,,,,,,,,,
235167,0.9723,470,670,420,590,,,22,26,
235316,0.7596,620,710,600,700,,,26,31,
236133,0.8805,520,660,520,665,,,24,29,
236230,0.8053,515,630,473,628,,,21,27,
236328,0.7628,615,710,570,680,,,27,31,
236452,0.7593,500,590,470,590,,,14,22,
236577,0.9109,530,660,520,660,,,20,28,
236595,0.7605,570,670,560,680,,,23,30,
236939,0.8536,,,,,,,,,
236948,0.4253,,,,,,,,,
237011,0.9131,570,690,540,660,,,23,29,
237057,0.4999,650,740,620,740,,,27,33,
237066,0.8677,560,670,540,650,,,21,29,
237136,0.9857,528,630,500,570,,,18,23,
237181,0.6049,,,,,,,,,
237215,0.8722,440,540,430,540,,,17,22,
237312,0.6453,,,,,,,,,
237330,0.8965,440,550,400,530,,,17,22,
237358,0.5823,450,575,430,550,,,1,14,
237367,0.9924,450,560,380,480,,,17,23,
237525,0.9646,470,580,420,550,,,18,24,
237561,0.5,,,,,,,,,
237792,0.9565,470,580,430,560,,,20,24,
237899,0.9637,430,550,400,523,,,16,22,
237932,0.7212,470,585,420,540,,,18,24,
237950,0.61,470,570,430,550,,,18,24,
237969,0.9505,460,580,418,563,,,18,23,
238032,0.8626,520,630,490,610,,,20,26,
238078,0.7518,,,,,,,,,
238096,0.8333,,,,,,,,,
238193,0.931,,,,,,,,,
238324,1,,,,,,,,,
238333,0.5736,630,720,580,640,,,26,31,
238458,0.5841,530,610,520,650,,,22,28,
238476,0.8415,490,605,510,600,,,19,26,
238616,0.6753,,,,,,,22,29,
238661,0.9452,,,,,,,,,
238980,0.9109,,,,,,,,,
239017,0.6303,600,720,600,710,,,27,32,
239071,0.7087,500,650,480,570,,,19,27,
239080,0.6685,,,,,,,,,
239105,0.8744,600,680,590,680,,,26,31,
239309,0.628,520,620,420,520,,,20,28,
239318,0.6039,,,,,,,,,
239390,0.9335,,,,,,,16,24,
239512,0.7181,558,720,538,598,,,21,25,
239628,0.8392,510,600,490,590,,,20,27,
239716,0.9215,533,610,533,610,,,22,29,
240107,0.7327,520,670,520,710,,,22,27,
240189,0.8276,,,,,,,18,24,
240268,0.7608,,,,,,,21,27,
240277,0.8784,,,,,,,18,25,
240329,0.7325,,,,,,,21,27,
240338,0.7905,540,660,520,640,,,22,28,
240365,0.8668,,,,,,,18,24,
240374,0.7262,,,,,,,18,25,
240392,0.9415,,,,,,,,,
240417,0.8474,,,,,,,19,26,
240426,0.9364,,,,,,,18,24,
240444,0.4335,660,730,700,780,,,28,32,
240453,0.8844,,,,,,,18,24,
240462,0.8726,,,,,,,21,27,
240471,0.8162,,,,,,,19,25,
240480,0.9014,,,,,,,20,25,
240727,0.9741,,,,,,,,,
241191,1,,,,,,,,,
241225,0.8636,,,,,,,,,
241331,1,,,,,,,,,
241395,0.8538,,,,,,,,,
241410,0.9033,575,658,548,678,,,,,
241720,0.8088,,,,,,,,,
241766,0.8101,,,,,,,,,
241836,0.9615,,,,,,,,,
241951,1,530,583,418,513,,,,,
242042,1,,,,,,,,,
242556,0.8471,,,,,,,,,
242583,0.76,,,,,,,,,
242617,0.5067,,,,,,,,,
242626,0.4674,,,,,,,,,
242635,0.3778,,,,,,,,,
242644,0.6583,,,,,,,,,
242653,0.6644,,,,,,,,,
242662,0.7029,,,,,,,,,
242680,0.3556,,,,,,,,,
242699,0.485,,,,,,,,,
242705,0.3642,,,,,,,,,
242945,0.9286,,,,,,,,,
242954,0.7826,,,,,,,,,
243106,0.8174,408,529,398,528,,,,,
243115,0.6226,,,,,,,,,
243133,0.9245,,,,,,,,,
243142,0.5273,395,519,390,500,,,,,
243151,0.9584,438,557,420,541,,,,,
243179,0.5849,,,,,,,,,
243188,0.6411,,,,,,,,,
243197,0.5217,,,,,,,,,
243212,0.5614,,,,,,,,,
243221,0.532,,,,,,,,,
243443,0.5341,,,,,,,,,
243568,0.6154,,,,,,,,,
243586,0.973,,,,,,,,,
243638,0.8091,,,,,,,,,
243665,0.9744,420,530,380,490,,,14,20,
243744,0.0391,740,780,770,800,,,34,35,
243780,0.503,590,710,600,750,,,27,34,
243799,1,,,,,,,,,
243832,0.7714,,,,,,,,,
244233,1,,,,,,,,,
244437,0.9959,440,560,410,540,,,15,21,
245652,0.4946,680,750,580,700,,,27,31,
245777,0.8,,,,,,,,,
246071,1,,,,,,,,,
247649,0.4365,,,,,,,,,
247773,0.9259,,,,,,,,,
248633,0.9231,,,,,,,,,
248934,0.829,,,,,,,,,
250027,0.8561,,,,,,,,,
260363,0.85,,,,,,,,,
260813,0.3636,,,,,,,,,
262129,0.74,530,650,500,600,,,20,27,
262165,0.8462,,,,,,,,,
262466,1,,,,,,,,,
363934,0.9541,,,,,,,,,
365213,0.8417,,,,,,,,,
365383,0.5579,,,,,,,,,
365763,1,,,,,,,,,
366711,0.957,,,,,,,,,
367972,1,,,,,,,,,
368452,0.4327,,,,,,,,,
369455,0.7273,,,,,,,,,
369668,0.9489,,,,,,,,,
369783,1,,,,,,,,,
373711,1,,,,,,,,,
375966,1,,,,,,,,,
377218,0.5862,,,,,,,,,
377546,0.7647,,,,,,,,,
377555,0.9177,560,700,610,770,,,32,34,
377564,0.8295,,,,,,,,,
379621,0.9167,,,,,,,,,
382416,1,,,,,,,,,
383084,0.8352,,,,,,,,,
384254,0.6037,,,,,,,,,
384421,0.9032,,,,,,,,,
385619,0.8644,,,,,,,,,
386153,0.879,,,,,,,,,
386472,0.8993,,,,,,,,,
392354,0.75,,,,,,,,,
399869,0.875,,,,,,,,,
399911,0.6952,560,690,660,770,,,,,
405058,0.902,,,,,,,,,
406422,0.8387,,,,,,,,,
407610,0.9286,,,,,,,,,
409698,0.9483,,,,,,,,,
414878,0.2162,,,,,,,,,
417327,0.3077,,,,,,,,,
417628,0.5,,,,,,,,,
417646,0.7,,,,,,,,,
417655,0.9091,,,,,,,,,
417682,1,,,,,,,,,
417716,0.3636,,,,,,,,,
417734,1,,,,,,,18,19,
417752,0.5,,,,,,,,,
417840,1,,,,,,,,,
417868,0.3288,,,,,,,,,
417992,0.7857,,,,,,,,,
418029,1,,,,,,,,,
418065,0.9626,,,,,,,,,
418427,0.4935,,,,,,,,,
418445,0.7692,,,,,,,,,
418481,0.4054,,,,,,,,,
418524,0.6029,,,,,,,,,
418588,0.9286,,,,,,,,,
419217,1,,,,,,,,,
420325,0.4231,,,,,,,,,
421708,1,,,,,,,,,
421841,0.823,,,,,,,,,
421878,1,,,,,,,,,
422695,0.5,,,,,,,,,
426314,0.6175,540,650,530,610,,,24,32,
428170,0.8062,,,,,,,,,
430670,1,,,,,,,,,
430883,0.3125,,,,,,,,,
430971,1,,,,,,,,,
431266,0.6726,,,,,,,,,
431600,0.7447,,,,,,,,,
432524,0.6103,,,,,,,,,
433004,1,,,,,,,,,
433040,1,,,,,,,,,
433174,0.8148,,,,,,,,,
433536,0.8913,,,,,,,,,
433660,0.7675,530,620,510,590,,,20,25,
434362,0.825,,,,,,,,,
436818,0.8704,490,610,470,580,,,,,
436827,0.8651,500,610,480,600,,,,,
436836,0.8019,480,620,480,610,,,16,25,
437237,0.8,,,,,,,,,
438337,0.9545,,,,,,,,,
439455,0.6774,,,,,,,,,
439701,1,,,,,,,,,
439862,0.3944,,,,,,,,,
440396,0.8571,590,680,580,650,,,24,29,
440828,0.6844,,,,,,,,,
441487,1,,,,,,,,,
441609,0.3469,,,,,,,,,
441636,0.8438,,,,,,,,,
441742,1,,,,,,,,,
441858,0.8667,,,,,,,,,
441900,0.8615,,,,,,,,,
441937,0.9306,,,,,,,,,
441982,0.2166,720,770,760,790,,,34,35,
442356,0.4412,,,,,,,,,
442426,1,,,,,,,,,
442523,0.8936,,,,,,,,,
443058,1,,,,,,,,,
443261,0.9316,,,,,,,,,
443410,0.6802,590,700,580,690,,,28,32,
443599,0.5822,,,,,,,,,
444413,0.7,,,,,,,,,
444510,0.6,,,,,,,,,
444866,0.9244,,,,,,,,,
445188,0.3918,,,,,,,,,
445267,0.8714,,,,,,,,,
445692,0.8924,410,585,460,490,,,24,28,
445708,0.7528,460,600,460,540,,,16,22,
446048,0.4481,,,,,,,,,
446233,0.475,,,,,,,,,
446303,0.7586,,,,,,,,,
446385,0.8137,,,,,,,,,
446561,0.1137,,,,,,,,,
446640,0.8178,,,,,,,,,
447263,0.8944,,,,,,,,,
447689,0.9557,,,,,,,,,
447953,0.6421,,,,,,,,,
449384,0.3968,,,,,,,,,
449506,0.9265,,,,,,,,,
449612,0.4894,,,,,,,,,
449658,0.6301,,,,,,,,,
449764,0.2868,,,,,,,17,24,
449861,0.7188,,,,,,,,,
449870,1,,,,,,,,,
451352,0.9749,,,,,,,,,
451370,1,,,,,,,,,
451398,0.9841,,,,,,,,,
451404,0.9807,,,,,,,,,
451413,0.1852,,,,,,,,,
451927,0.8198,650,750,570,680,,,26,31,
452106,1,,,,,,,,,
454227,0.8857,400,420,370,430,,,14,17,
454236,0.75,,,,,,,,,
454245,0.875,,,,,,,,,
455196,0.6791,460,530,455,560,,,17,22,
455257,0.6615,,,,,,,,,
455664,0.4017,,,,,,,,,
455770,0.9252,,,,,,,,,
456959,0.7183,,,,,,,22,27,
457129,1,,,,,,,,,
457624,1,,,,,,,,,
457800,1,,,,,,,,,
457925,0.6667,,,,,,,,,
458034,0.4,,,,,,,,,
459842,0.8939,,,,,,,,,
459851,0.9079,,,,,,,,,
459949,0.92,430,540,420,530,,,15,21,
460181,0.9685,,,,,,,,,
460190,0.908,,,,,,,,,
460206,0.9918,,,,,,,,,
460349,0.5426,,,,,,,,,
460871,1,,,,,,,,,
461528,1,,,,,,,,,
461759,0.9821,,,,,,,,,
461847,0.7143,,,,,,,,,
462354,0.7929,560,690,530,570,,,21,27,
463056,0.8645,480,610,480,600,,,20,28,
464226,0.3988,480,530,430,520,,,15,21,
466921,0.8333,,,,,,,,,
466930,0.9565,,,,,,,,,
475608,0.9167,,,,,,,,,
475705,0.8,,,,,,,,,
475732,0.9615,,,,,,,,,
475741,1,,,,,,,,,
476601,1,,,,,,,,,
476683,0.6,,,,,,,,,
476692,0.7059,,,,,,,,,
476939,0.6128,,,,,,,,,
476975,0.9286,,,,,,,,,
477233,0.7121,,,,,,,,,
479956,0.8027,550,690,550,650,,,18,30,
479992,1,,,,,,,,,
480198,0.6706,,,,,,,,,
480569,0.4444,,,,,,,,,
480781,0.6552,,,,,,,,,
480985,0.6,,,,,,,,,
481137,0.5833,,,,,,,,,
481225,1,,,,,,,,,
481410,0.3571,,,,,,,,,
481438,1,,,,,,,,,
481456,0.8571,,,,,,,,,
482149,0.8931,520,630,500,600,,,19,26,
482158,0.9977,480,610,460,570,,,16,22,
482185,0.65,,,,,,,,,
482228,1,,,,,,,,,
482413,1,,,,,,,,,
482431,0.4325,,,,,,,,,
482459,1,,,,,,,,,
482468,0.8125,,,,,,,,,
482477,0.4325,485,580,505,550,,,19,23,
482556,1,,,,,,,,,
482574,0.8889,,,,,,,,,
482635,0,,,,,,,,,
482653,1,,,,,,,,,
482680,0.7216,520,620,500,595,,,19,25,
482936,0.5573,590,680,590,690,,,24,30,
483018,0.8167,,,,,,,,,
483036,1,,,,,,,,,
483124,0.6411,,,,,,,,,
483780,0.1149,,,,,,,,,
483814,0.2186,,,,,,,,,
483948,1,,,,,,,,,
484473,0.6438,640,700,615,690,,,27,31,
484844,0.0355,,,,,,,,,
484905,0.9386,415,510,405,480,,,14,21,
485360,1,,,,,,,,,
485698,0.6207,520,610,530,620,,,18,26,
485856,1,,,,,,,,,
485999,0.6531,,,,,,,,,
486017,1,,,,,,,,,
486026,0.8696,,,,,,,,,
486196,0.5212,,,,,,,,,
486202,1,,,,,,,,,
486284,0.9388,,,,,,,,,
486424,0.6421,,,,,,,,,
486488,1,,,,,,,,,
486512,0.8502,,,,,,,,,
486840,0.6918,520,620,500,600,,,19,25,
486901,0.7027,580,640,540,650,,,21,27,
486938,0.75,,,,,,,,,
486947,0.8889,,,,,,,,,
486956,0.9,,,,,,,,,
487092,0.1725,700,760,750,790,,,33,35,
487375,1,,,,,,,,,
487524,0.8643,510,620,490,600,,,,,
487588,1,,,,,,,,,
487658,0.8,,,,,,,,,
487746,0.6,,,,,,,,,
487861,0.6466,,,,,,,,,
487977,1,,,,,,,,,
488305,1,,,,,,,,,
488314,0.4231,,,,,,,,,
488350,0.53,,,,,,,,,
488420,0.6029,,,,,,,,,
488563,0.4737,,,,,,,,,
488590,1,,,,,,,,,
488776,1,,,,,,,,,
488785,0.4625,,,,,,,,,
489344,0.6667,,,,,,,,,
489353,0.6,,,,,,,,,
489937,0.34,,,,,,,,,
490133,0.4513,,,,,,,,,
490160,0.7709,,,,,,,,,
490203,0.8182,,,,,,,,,
490221,0.5833,,,,,,,,,
490230,0.7342,,,,,,,,,
490319,0.75,,,,,,,,,
490382,0.9286,,,,,,,,,
490498,0.3191,,,,,,,,,
490504,0.8065,,,,,,,,,
490513,0.6667,,,,,,,,,
490805,0.7063,470,570,450,570,,,16,25,
491057,0.75,,,,,,,,,
491190,1,,,,,,,,,
491251,0.6322,,,,,,,,,
491288,0.9231,,,,,,,,,
491446,0.8788,,,,,,,,,
491525,0.8673,,,,,,,,,
491613,1,,,,,,,,,
491622,0.75,,,,,,,,,
491631,0.9615,,,,,,,,,
491640,0.95,,,,,,,,,
491710,0.8,,,,,,,,,
491765,1,,,,,,,,,
491817,0.4342,,,,,,,,,
491914,0.4262,,,,,,,,,
492023,0.9333,,,,,,,,,
492476,0.8839,,,,,,,,,
492759,0.9091,,,,,,,,,
493594,0.38,,,,,,,,,
493619,1,,,,,,,,,
493646,0.9195,,,,,,,,,
493664,1,,,,,,,,,
493707,0.9545,,,,,,,,,
493716,0.5,,,,,,,,,
493798,0.6977,,,,,,,,,
493813,1,,,,,,,,,
494162,1,,,,,,,,,
494278,0.8488,,,,,,,,,
494287,0.6636,,,,,,,,,
494463,0.9292,,,,,,,,,
494542,0.5429,,,,,,,,,
494603,0.5275,,,,,,,,,
494685,0.8387,490,570,430,540,,,18,23,
494807,0.5795,,,,,,,,,
495031,0.9231,,,,,,,,,
495420,1,,,,,,,,,
495448,1,,,,,,,,,
495457,1,,,,,,,,,
496478,0.925,,,,,,,,,
496618,0.2071,,,,,,,,,
496627,0.8485,,,,,,,,,
496803,0.9902,,,,,,,,,
496973,0.8696,,,,,,,,,
497037,1,,,,,,,,,
497107,0.9545,,,,,,,,,
497189,0.3846,,,,,,,,,
497213,1,,,,,,,,,
497268,1,,,,,,,,,
497374,0.4081,,,,,,,,,
497462,0.9231,,,,,,,,,
497480,0.9915,,,,,,,,,
497824,0.45,,,,,,,,,
497833,0.8953,,,,,,,,,
497912,0.9767,,,,,,,,,
498049,1,,,,,,,,,
498340,0.8961,,,,,,,,,
498447,1,,,,,,,,,
498456,1,,,,,,,,,
498562,0.9475,490,600,480,580,,,18,25,
498571,0.9365,480,590,460,580,,,20,26,
499149,0.9118,,,,,,,,,
499370,1,,,,,,,,,
499389,1,,,,,,,,,
499398,1,,,,,,,,,
499404,1,,,,,,,,,
